record_idx,scene_id,iou_c0,iou_c1,iou_c2,iou_c3,miou
9000,9000,0.9874796306355241,0.6620126000340542,nan,0.2522026431718062,0.6338982912804615
9001,9001,1.0,nan,nan,nan,1.0
9002,9002,0.9816828041603941,0.8903664302600472,nan,0.8257413249211356,0.8992635197805257
9003,9003,0.9704877852780457,0.7470489038785835,0.9035505778625045,nan,0.8736957556730446
9004,9004,1.0,nan,nan,nan,1.0
9005,9005,0.6756177114516778,0.887147427430953,0.5926230512152019,0.42775621118012425,0.6457861003194892
9006,9006,0.9778980509870835,0.8543456660237302,nan,0.7182562660269667,0.8501666610125934
9007,9007,0.9849703682114058,0.9572327295640258,0.0,0.7029107833083537,0.6612784702709463
9008,9008,0.34649321266968325,0.9195372700683114,0.0,0.7621683726759975,0.5070497138534981
9009,9009,0.9992599487304688,0.0,nan,nan,0.4996299743652344
9010,9010,0.9310709669349122,0.8351954798140891,nan,0.7301639023754439,0.8321434497081484
9011,9011,0.8113645965356991,0.9201813879606378,0.6958278854154285,0.620567197259722,0.7619852667928719
9012,9012,0.92352294921875,nan,0.0,nan,0.461761474609375
9013,9013,0.8902432368512017,0.8833635969803947,nan,0.7873215196328404,0.8536427844881455
9014,9014,1.0,0.944674800622756,nan,0.3437603052715881,0.7628117019647814
9015,9015,0.9641700781540752,0.849425568320704,nan,0.6535626535626535,0.8223861000124776
9016,9016,0.8817922679494031,0.9528350368297835,nan,0.6745010939468276,0.8363761329086713
9017,9017,0.9932289512555391,0.8283489448143551,nan,0.5962732919254659,0.8059503959984534
9018,9018,0.9754485162826291,0.8129898630995924,nan,0.7523903262092239,0.846942901863815
9019,9019,0.9800946670874093,0.8007107320540157,nan,0.7928874264380181,0.8578976085264811
9020,9020,1.0,nan,nan,nan,1.0
9021,9021,1.0,nan,nan,nan,1.0
9022,9022,1.0,nan,nan,nan,1.0
9023,9023,0.07409826547644967,0.8655625399932246,0.4609193293957959,0.20971885781399105,0.4025747481698653
9024,9024,0.8634171294942999,0.6856613202224551,0.19156449239823442,0.7791279166898702,0.629942714701215
9025,9025,0.713232793919744,0.4821889519876097,0.39879362693826986,0.3660773376193628,0.4900731776162466
9026,9026,0.16202509466470685,0.6864076224504987,0.5586000219949412,0.4862442111055069,0.4733192375539134
9027,9027,0.7638863694082647,0.8606037447458923,nan,0.8533949508735803,0.8259616883425792
9028,9028,0.9186027124763564,0.5314834578441836,0.7984624801585243,nan,0.7495162168263548
9029,9029,0.8667616301288955,0.8760835977759069,nan,0.7722866122353959,0.8383772800467328
9030,9030,0.9332721763544881,0.7912509593246354,0.7083196778875416,0.9108664973186565,0.8359273277213304
9031,9031,0.8895209131185703,0.8848857256531542,nan,0.660436137071651,0.8116142586144585
9032,9032,0.9684768232651688,0.9524167257264351,nan,0.9516196643587113,0.9575044044501051
9033,9033,1.0,nan,nan,nan,1.0
9034,9034,0.5714894826606026,0.9465270200770011,0.029796465258725195,0.5961602835482919,0.5359933128861553
9035,9035,0.9884455165146376,0.8524190401872805,0.0,0.8371075006313663,0.6694930143333211
9036,9036,0.9582861376778886,0.6240749306197965,0.2848329048843188,0.6812723556463975,0.6371165822071003
9037,9037,0.9529741498207038,0.8281365033995929,nan,0.7168414803087275,0.8326507111763414
9038,9038,0.9717400248521546,0.7225376099914845,nan,0.7740771579239523,0.8227849309225305
9039,9039,1.0,nan,nan,nan,1.0
9040,9040,1.0,nan,nan,nan,1.0
9041,9041,0.9960332364957573,0.4719585849870578,nan,0.6161524500907442,0.6947147571911865
9042,9042,0.97967595395515,0.7403653055369609,nan,0.6294731282186716,0.7831714625702609
9043,9043,0.9541668237156534,0.8740147660381123,0.4884962501588916,0.5832576974097605,0.7249838843306045
9044,9044,0.9411300855079964,0.9086244416447142,nan,0.7481718839865253,0.8659754703797454
9045,9045,0.837820165945166,0.7613109405204876,0.0,0.7196088599155493,0.5796849915953007
9046,9046,0.9979506775861139,0.8290459133832628,nan,0.0,0.6089988636564589
9047,9047,0.2474083738583798,0.07338808317316092,0.2876444500961676,0.0,0.1521102267819271
9048,9048,1.0,nan,nan,nan,1.0
9049,9049,1.0,nan,nan,nan,1.0
9050,9050,0.45189554216352523,0.9062573750042143,0.16780209324452902,0.8535305291127288,0.5948713848812494
9051,9051,0.8781761909647413,0.8760399627108508,nan,0.7270199201679878,0.8270786912811934
9052,9052,0.7086906929303122,0.7460575990660628,0.26141972174266276,0.6957789931285935,0.6029867517169079
9053,9053,0.8793358422266612,0.7731743204522574,0.6658952954432558,0.4753521126760563,0.6984393926995577
9054,9054,0.6538801540695839,0.5571546367214397,0.6489242861856004,0.0,0.46498976924415597
9055,9055,1.0,nan,nan,nan,1.0
9056,9056,0.6250463005329464,nan,0.2751686898213278,nan,0.4501074951771371
9057,9057,0.9900679497583604,0.8553494056215976,nan,0.818204334365325,0.8878738965817611
9058,9058,1.0,nan,nan,nan,1.0
9059,9059,0.984429424364232,0.8182239955460703,nan,0.7825238508239376,0.8617257569114134
9060,9060,0.7189754947488748,0.9138938294364314,nan,0.8166917142570884,0.8165203461474647
9061,9061,0.7890287076817947,0.8616869661899227,nan,0.6338182386985766,0.761511304190098
9062,9062,0.9834169447913751,0.8256633499170812,nan,0.8195428571428571,0.8762077172837711
9063,9063,0.9858624506689768,0.7767838125665602,nan,0.7540129540974373,0.8388864057776582
9064,9064,0.9425759746625443,0.9221767115272089,nan,0.8494159859531262,0.9047228907142931
9065,9065,0.6889523625096824,0.8950736241389223,0.004676018704074816,0.5046456291428247,0.523336908623876
9066,9066,0.932227507419604,0.8458400183360073,nan,0.7395280074467503,0.8391985110674538
9067,9067,1.0,nan,nan,nan,1.0
9068,9068,0.6841164883959489,nan,0.18572263797942,0.015286871601376095,0.29504199932558167
9069,9069,0.9444675985897248,0.8730609074629442,nan,0.265139116202946,0.6942225407518716
9070,9070,0.830565204389133,0.8851184929973203,nan,0.7981318738237884,0.8379385237367473
9071,9071,0.9867390957021889,0.8168065485441923,nan,0.627348643006263,0.8102980957508814
9072,9072,0.9862938681663533,0.5758940397350993,nan,0.5506726457399103,0.7042868512137876
9073,9073,0.945087741446787,0.8186314592848168,nan,0.7810978555766157,0.8482723521027399
9074,9074,1.0,nan,nan,nan,1.0
9075,9075,0.9847831855205075,0.796933757593289,nan,0.7538123167155425,0.845176419943113
9076,9076,0.7012597480503899,0.9463651427688943,nan,0.5450183460344341,0.7308810789512394
9077,9077,0.9993247985839844,0.0,nan,nan,0.4996623992919922
9078,9078,0.882209975376022,0.9073592781359345,nan,0.8888653324287653,0.8928115286469073
9079,9079,0.8991851876758234,0.8899310672356355,nan,0.7129173953715378,0.8340112167609989
9080,9080,1.0,nan,nan,nan,1.0
9081,9081,0.9872148417984193,0.7180711386965863,nan,0.6245289482699554,0.7766049762549869
9082,9082,1.0,0.981345965241077,nan,0.6062028499580888,0.8625162717330553
9083,9083,0.9714793940120718,0.7567824845311756,0.5198230668414154,0.7271812080536912,0.7438165383595885
9084,9084,1.0,0.9266946158955246,0.0,0.6145882879606055,0.6353207259640326
9085,9085,0.9337483183497406,0.8213189197139338,nan,0.7766716489466708,0.8439129623367818
9086,9086,0.9892476563094432,0.7795017943846316,nan,0.6776016323967979,0.8154503610302909
9087,9087,0.9115487972733827,0.8858146121413284,nan,0.8021248339973439,0.8664960811373517
9088,9088,0.8747684195525153,0.9594803468476127,nan,0.9279287242129082,0.9207258302043453
9089,9089,1.0,nan,nan,nan,1.0
9090,9090,0.9617366138845592,0.8633683670853627,nan,0.7706845238095238,0.8652631682598152
9091,9091,0.9791541999350305,0.8537540434708586,nan,0.8190379231356579,0.883982055513849
9092,9092,0.6850347688891486,0.9542353493416945,nan,0.7934226815221487,0.8108975999176639
9093,9093,1.0,nan,nan,nan,1.0
9094,9094,0.9639202810018326,0.8380295294604664,nan,0.7601875500324019,0.8540457868315671
9095,9095,0.8874610047958281,0.917291133348848,nan,0.8575788729679368,0.887443670370871
9096,9096,1.0,nan,nan,nan,1.0
9097,9097,0.875138578986514,0.8519019307629596,nan,0.6737768108402109,0.8002724401965615
9098,9098,0.9210404756048545,0.872030275422244,nan,0.7879462233093631,0.8603389914454872
9099,9099,0.7037077508889019,0.65595814900639,0.5187080854598537,0.7496388449837693,0.6570032075847287
9100,9100,0.6871007349146752,0.0029239766081871343,0.3405330114216733,nan,0.3435192409815118
9101,9101,0.7926046718481967,0.9042103568937664,nan,0.7395192683385671,0.8121114323601767
9102,9102,1.0,nan,nan,nan,1.0
9103,9103,0.9178915389269867,0.8848512317372293,nan,0.7551744925982986,0.8526390877541715
9104,9104,0.9907022906824408,0.7753396029258098,nan,0.7461335345152773,0.8373918093745093
9105,9105,0.8193323576555858,0.9078059040698957,nan,0.811449990561713,0.8461960840957315
9106,9106,0.9638567437692318,0.828558271109503,nan,0.719647089807743,0.8373540348954925
9107,9107,1.0,nan,nan,nan,1.0
9108,9108,0.927946434519976,0.9260067236474793,nan,0.6688752737656289,0.8409428106443615
9109,9109,0.9412582525426753,0.9349163720424258,nan,0.5739296161687794,0.8167014135846268
9110,9110,0.9695520327408101,0.9134993884132103,0.0,0.703483432455395,0.6466337134023539
9111,9111,1.0,nan,nan,nan,1.0
9112,9112,1.0,nan,nan,nan,1.0
9113,9113,0.6321799590049381,0.45540675958822996,0.4179395650008301,0.02221323083147886,0.38193487860636927
9114,9114,0.9755095710740872,0.8784715057978789,0.0,0.8205272328705525,0.6686270774356297
9115,9115,0.6107409814754631,0.8567359815716664,0.6267174049370048,0.6082896140366154,0.6756209955051875
9116,9116,0.9599522163716917,0.9178471236102933,nan,0.8495997649996329,0.9091330349938725
9117,9117,0.386642721933699,0.8540481259273596,0.6482259549220295,0.01616064494656263,0.47626936193241265
9118,9118,0.7899411696850848,0.9457391993658343,0.3751983589426017,0.0,0.5277196819983802
9119,9119,0.8289122517288665,0.9185932743875924,0.0,0.7182133455897715,0.6164297179265577
9120,9120,0.9905595619765968,0.8762267174043661,nan,0.8388417665984206,0.9018760153264611
9121,9121,0.7166367760312269,0.9546696237795148,nan,0.8837385530253407,0.8516816509453609
9122,9122,1.0,nan,nan,nan,1.0
9123,9123,0.8589096179922383,0.9233818735057596,nan,0.8578597043419932,0.8800503986133305
9124,9124,0.9887844890618303,0.8028654334421472,0.6515936025773789,0.17827569410618607,0.6553798047968856
9125,9125,0.9186268794316625,0.9315559561780613,nan,0.8234841193455246,0.8912223183184161
9126,9126,0.8295064411477527,0.8834015010963063,nan,0.836503734822261,0.8498038923554402
9127,9127,0.9696513239308673,0.8483790523690773,0.9171088391354989,0.7687886014798508,0.8759819542288236
9128,9128,0.99981689453125,nan,0.0,nan,0.499908447265625
9129,9129,0.958982963836179,0.8279310057495208,0.0,0.572641314100352,0.589888820921513
9130,9130,0.9472801574088089,0.9258674255280265,nan,0.737210401891253,0.8701193282760294
9131,9131,0.9806684583125233,0.7769664785927647,0.6381920903954802,0.6224803553126068,0.7545768456533437
9132,9132,0.11465898030994984,0.8959742595829849,0.4835359900594657,0.2927773453114809,0.44673664381597034
9133,9133,0.9165749638682522,0.6733118735825591,0.7115033193772987,0.633261736729058,0.733662973389292
9134,9134,0.8901100158691406,nan,0.0,nan,0.4450550079345703
9135,9135,0.7564666230695709,0.6518245004344049,0.8709653903954422,0.25148809523809523,0.6326861522843783
9136,9136,0.8618072391905557,0.9068877551020408,nan,0.8582085070090932,0.8756345004338965
9137,9137,0.937486113405762,0.8433108364741286,nan,0.6894071744700675,0.8234013747833194
9138,9138,0.7772606382978723,0.9607515509181079,nan,0.7217027215631542,0.8199049702597114
9139,9139,1.0,nan,nan,nan,1.0
9140,9140,0.9952972634737288,0.812663919070813,nan,0.6549865229110512,0.8209825684851978
9141,9141,1.0,nan,nan,nan,1.0
9142,9142,1.0,0.9639967144693042,nan,0.33582251866889,0.7666064110460648
9143,9143,0.7099095774128068,0.9249186857904315,0.6748365305503833,0.7078139351791104,0.754369682233183
9144,9144,0.5760657097162715,0.7855607061840418,0.7632205401606026,0.6760903916081253,0.7002343369172603
9145,9145,0.9434817610062893,0.8772525104314732,0.349262477268135,0.20773263433813893,0.5944323457610091
9146,9146,0.9758634323324883,0.8928571428571429,nan,0.832543246839654,0.9004212740097617
9147,9147,1.0,nan,nan,nan,1.0
9148,9148,0.8184983196152221,0.9419347575220243,nan,0.7346282103785176,0.8316870958385879
9149,9149,0.9630350275786336,0.7115384615384616,nan,0.6831858407079646,0.7859197766083533
9150,9150,0.9961371992367478,0.7937718462027328,nan,0.8385295486272685,0.8761461980222497
9151,9151,1.0,nan,nan,nan,1.0
9152,9152,0.7774343696098902,0.8430923407301361,0.0,0.7484035759897829,0.5922325715824523
9153,9153,0.8089487971543574,0.9350689454982645,nan,0.4145306056440527,0.7195161160988915
9154,9154,0.915331115814938,0.9554992329753885,nan,0.8503609889888275,0.907063779259718
9155,9155,0.672915447074543,0.34256222265097436,0.3275807565770217,0.0,0.3357646065756348
9156,9156,0.3691258578573921,0.8888757115749526,0.0007150518412584912,0.700887688151293,0.489901077356224
9157,9157,0.9814611506486014,0.8470272049144362,nan,0.8157422902223285,0.8814102152617886
9158,9158,0.9422506874918156,0.9045000143221334,nan,0.8020290497837897,0.8829265838659129
9159,9159,1.0,nan,nan,nan,1.0
9160,9160,0.2588157653808594,nan,0.0,nan,0.1294078826904297
9161,9161,0.76120981844088,0.830826946297241,0.0,0.7132476605286989,0.576321106316705
9162,9162,0.862118445082181,0.9254238249537355,nan,0.8124917600527357,0.8666780100295508
9163,9163,0.9366375683916639,0.8318118070440051,nan,0.863186998985539,0.8772121248070693
9164,9164,0.9498653486334779,0.9007391763463569,nan,0.79890560875513,0.8831700445783216
9165,9165,0.9516288703062487,0.6820040899795501,0.012220817530552043,0.7984560870665655,0.6110774662207291
9166,9166,0.9204467420738265,0.9055434882369138,nan,0.8259631875806708,0.8839844726304703
9167,9167,0.9751900646544722,0.49355907250644093,nan,0.7959884351282978,0.7549125240964036
9168,9168,0.032792325974776784,0.8267471793186548,0.4816559470966573,nan,0.4470651507966963
9169,9169,0.8575324632522576,0.2800649671633359,0.0,0.3557478112210537,0.3733363104091618
9170,9170,1.0,nan,nan,nan,1.0
9171,9171,0.4356256923946979,0.8544600938967136,0.0,0.8282208588957055,0.5295766612967793
9172,9172,0.39006690348028855,0.8325573145315064,0.7543295637208404,0.7394856278366112,0.6791098523923117
9173,9173,1.0,nan,nan,nan,1.0
9174,9174,0.9571954798564433,0.75979298228954,nan,0.7241049103580358,0.8136977908346731
9175,9175,1.0,nan,nan,nan,1.0
9176,9176,0.5565557073357777,0.08791208791208792,0.46088626668647464,8.295175525914128e-05,0.27635925342239986
9177,9177,0.6063652310447615,0.8947885439425504,0.0,0.8132238980084993,0.5785944182489527
9178,9178,0.7365603644646925,0.6982157815856807,0.004038829448026642,0.0,0.35970374387459997
9179,9179,0.897027610437233,0.8939916648316247,nan,0.7276729294801584,0.839564068249672
9180,9180,0.9577117973079968,0.49866457187745483,nan,0.4506668578803958,0.6356810756886159
9181,9181,1.0,nan,nan,nan,1.0
9182,9182,0.6334884976050732,0.8415240071473861,nan,0.7944838523026809,0.7564987856850468
9183,9183,0.977309386761586,0.7857142857142857,nan,0.7989492378274382,0.8539909701011034
9184,9184,1.0,nan,nan,nan,1.0
9185,9185,0.828035829716502,0.8853347201210288,nan,0.7580814935874353,0.823817347808322
9186,9186,0.21893928202097798,0.8187130785180549,0.25937241651989507,0.033295533295533294,0.3325800775886153
9187,9187,0.9050960175280319,0.792795907079646,nan,0.7470486741736287,0.8149801995937689
9188,9188,0.9275948392066243,0.9053091670041852,nan,0.8535633380273067,0.8954891147460388
9189,9189,0.9784343138790211,0.7835005144032922,nan,0.739258946479468,0.833731258253927
9190,9190,1.0,nan,nan,nan,1.0
9191,9191,0.9959148611985665,0.846927966101695,nan,0.8110587651872055,0.884633864162489
9192,9192,0.7506338852288488,0.0,0.6019418261256523,nan,0.4508585704515003
9193,9193,0.9556240485986418,0.8873638669252574,nan,0.763172906596211,0.8687202740400367
9194,9194,0.8274219690864475,0.8873356644424425,0.20419705313290668,0.5276313915396668,0.6116465195503659
9195,9195,0.9615641424306304,0.8522157190635451,nan,0.8428054953000723,0.8855284522647492
9196,9196,0.5072382799020655,0.8393124862333824,nan,0.09342528245007936,0.4799920161951758
9197,9197,1.0,nan,nan,nan,1.0
9198,9198,0.9558646725487662,0.7442281575373472,0.08763535633341728,0.7573344509639565,0.6362656593458718
9199,9199,0.8002908385845856,0.9812055032850308,nan,0.9121156337355969,0.8978706585350711
9200,9200,1.0,nan,nan,nan,1.0
9201,9201,0.12098589880317573,0.9001272386346242,0.2949500084731401,0.33335016027663494,0.4123533265468937
9202,9202,0.09047140831758034,0.3918169714368928,0.17502171559119953,0.32578781199737894,0.2457744768357629
9203,9203,0.9963048982393015,0.8215973534971645,nan,0.7928870292887029,0.8702630936750563
9204,9204,0.9373728161815249,0.905976358713597,nan,0.8329775572607165,0.8921089107186129
9205,9205,0.9315416898417354,0.8241442683206983,nan,0.7138262789239868,0.8231707456954734
9206,9206,0.9737790248802477,0.6804000597104045,nan,0.7590248476324426,0.8044013107410316
9207,9207,0.9493924231593995,0.7694984153231362,nan,0.7019266567386448,0.806939165073727
9208,9208,0.7457355016998349,nan,0.5436688818518354,nan,0.6447021917758351
9209,9209,0.8240516545601292,0.8765870599119475,nan,0.6210721150423578,0.7739036098381448
9210,9210,1.0,nan,nan,nan,1.0
9211,9211,1.0,nan,nan,nan,1.0
9212,9212,0.746828933836133,0.9281193182370614,nan,0.7262091568179561,0.8003858029637169
9213,9213,0.8916035915701989,0.9264400335971,nan,0.8987233157388388,0.9055889803020459
9214,9214,0.8896134013586883,0.8616764029879334,0.0,0.7495610565513515,0.6252127152244933
9215,9215,0.9990797311745838,0.676,nan,0.37254901960784315,0.6825429169274756
9216,9216,0.970639561583443,0.8487854340254817,nan,0.7622955364568894,0.8605735106886048
9217,9217,0.8378230939082998,0.9356716701999882,nan,0.8827327541185966,0.8854091727422949
9218,9218,0.9997291564941406,0.0,nan,nan,0.4998645782470703
9219,9219,0.9951629638671875,nan,0.0,nan,0.49758148193359375
9220,9220,0.9923298365074851,0.7810650887573964,nan,0.04842105263157895,0.6072719926321535
9221,9221,0.861938118461756,0.8262192573272475,nan,0.7333734623635999,0.8071769460508679
9222,9222,0.9398462597037481,0.7575757575757576,0.19705129336982433,0.43230781461165435,0.5816952813152461
9223,9223,0.7798127704127982,0.0,0.0355196770938446,nan,0.2717774825022143
9224,9224,0.988155070666426,0.43585951940850276,nan,0.23852772466539196,0.5541807715801069
9225,9225,0.839451693486007,0.9107346850098468,nan,0.8498143070355073,0.8666668951771204
9226,9226,0.8375967050023833,0.9236748372607162,0.5730517015255057,nan,0.7781077479295351
9227,9227,0.6267443235572374,0.9105863742768391,0.011775428363106088,0.6757178647138177,0.5562059977277501
9228,9228,0.892150578573735,0.7457150420223678,nan,0.4526374236535258,0.6968343480832097
9229,9229,1.0,nan,nan,nan,1.0
9230,9230,0.9905414425379874,0.7266448564158487,nan,0.7429208472686734,0.8200357154075032
9231,9231,1.0,nan,nan,nan,1.0
9232,9232,0.7572846283783784,0.9155677580203161,nan,0.7289757276664317,0.8006093713550421
9233,9233,0.9043090492497967,0.910036372941456,nan,0.801308770490033,0.871884730893762
9234,9234,0.9863769593475213,0.8718588960314508,nan,0.8497972564921059,0.9026777039570261
9235,9235,0.7554497160652134,0.977403271663439,nan,0.6065469366959623,0.779799974808205
9236,9236,0.9968245751613788,0.81015662078785,nan,0.785,0.8639937319830763
9237,9237,0.9335612964618658,0.8310791086893062,nan,0.7638450753592709,0.842828493503481
9238,9238,0.967850164541341,0.7870444055387553,nan,0.6592745259686728,0.8047230320162564
9239,9239,1.0,nan,nan,nan,1.0
9240,9240,0.7100139082058414,0.918347942224856,nan,0.6166844919786096,0.7483487808031023
9241,9241,1.0,nan,nan,nan,1.0
9242,9242,0.9061160909488413,0.0,0.8233856182521898,0.7964649026780232,0.6314916529697636
9243,9243,0.981023306156543,0.6963822317203481,nan,0.4486994219653179,0.7087016532807363
9244,9244,0.9852262455151103,0.7502306273062731,nan,0.6603358970334328,0.7985975899516053
9245,9245,0.8906184825921423,0.749646761359411,0.0,0.4428457489232733,0.5207777482187066
9246,9246,0.9856365024037516,0.655330750466351,nan,0.6356415478615072,0.7588696002438698
9247,9247,0.9982147216796875,nan,0.0,nan,0.49910736083984375
9248,9248,0.9171089765958359,0.08222965153658222,0.5053708644343855,0.18508844829633148,0.4224494852157838
9249,9249,1.0,0.9824416812985989,nan,0.6422777417261518,0.8749064743415836
9250,9250,1.0,nan,nan,nan,1.0
9251,9251,0.9499950584095985,0.7669439037338525,0.11857574739670809,0.6717904308291838,0.6268262850923357
9252,9252,0.9042509691031911,0.8944144050466188,0.0,0.7766497461928934,0.6438287800856759
9253,9253,0.834344371560953,0.0031077961285739656,0.5777942598086603,nan,0.47174880916606243
9254,9254,0.7331942668730234,0.8924680945238154,nan,0.6050266759124294,0.7435630124364229
9255,9255,0.9246644626467976,0.8825782660070378,nan,0.7486351583216347,0.85195929565849
9256,9256,1.0,nan,nan,nan,1.0
9257,9257,0.9928692055032227,0.7149289920332526,nan,0.6271072151045178,0.7783018042136643
9258,9258,0.8311877532283496,0.9511404527810048,nan,0.8108901340229461,0.8644061133441001
9259,9259,0.9838434786145742,0.8256276150627615,nan,0.7836350065310692,0.8643687000694683
9260,9260,0.9188236204064734,0.7429796839729119,0.43905519767588735,0.6697340365839973,0.6926481346598174
9261,9261,0.9107079482702327,0.9114622898901169,nan,0.8080225160237459,0.876730918061365
9262,9262,0.9968948364257812,nan,nan,0.0,0.4984474182128906
9263,9263,0.7891971698655877,0.9514559080541485,nan,0.8026619343389529,0.8477716707528963
9264,9264,0.993162478765163,0.46283783783783783,nan,0.7925211097708083,0.749507142124603
9265,9265,1.0,nan,nan,nan,1.0
9266,9266,0.9955097801490421,0.7816930775646372,0.6541567695961995,nan,0.8104532091032929
9267,9267,0.8117015166332914,0.9260801696462757,nan,0.758191178395358,0.8319909548916417
9268,9268,0.9431262692751227,0.8174001894033793,nan,0.8346421884751404,0.8650562157178808
9269,9269,0.9843567470118153,0.8080102884438729,nan,0.7235997482693518,0.8386555945750134
9270,9270,0.8592020378215245,0.8757753007394328,0.38082615998320385,0.7925198789669974,0.7270808443777896
9271,9271,0.9628779650327599,0.8170510993877316,nan,0.7145482570547783,0.8314924404917566
9272,9272,1.0,nan,nan,nan,1.0
9273,9273,0.998955918254541,0.8636363636363636,nan,0.8479318734793188,0.9035080517900744
9274,9274,0.9553961322520275,0.9706183127398117,nan,0.760114425827544,0.8953762902731278
9275,9275,0.6106683896905736,0.9393278936399178,0.0,0.5946028960070207,0.536149794834378
9276,9276,1.0,nan,nan,nan,1.0
9277,9277,0.9788570615381488,0.7645490554539914,nan,0.6648979121005884,0.8027680096975761
9278,9278,0.9360877068317938,0.8966193607938157,nan,0.773118124609694,0.8686083974117679
9279,9279,0.9626750475701794,0.7944104715217062,nan,0.6835886709254339,0.8135580633391064
9280,9280,0.9223308898813449,0.8650919166487431,0.0,0.7408809359944941,0.6320759356311455
9281,9281,0.5966566433922837,0.9324387397899649,nan,0.6000445948959114,0.7097133260260534
9282,9282,0.9572568670288408,0.8013427440179033,nan,0.7422205438066465,0.8336067182844635
9283,9283,1.0,nan,nan,nan,1.0
9284,9284,0.9960657807615909,0.6697205680256527,nan,0.7399507793273175,0.801912376038187
9285,9285,0.9461405244928254,0.8994948556368367,nan,0.8706554790038875,0.9054302863778498
9286,9286,0.9780016209331944,0.7892646954548678,nan,0.7484797297297298,0.8385820153725972
9287,9287,0.9749464676963093,0.7790836951639467,0.5625,0.7227241732015002,0.7598135840154391
9288,9288,0.902740879932612,0.9074363311186463,nan,0.8224978050921862,0.8775583387144814
9289,9289,1.0,nan,nan,nan,1.0
9290,9290,1.0,nan,nan,nan,1.0
9291,9291,0.8480944552383799,0.9560935506732814,nan,0.8500189012096774,0.8847356357071129
9292,9292,0.9134319989720707,0.846852751050076,nan,0.7838647129568269,0.8480498209929911
9293,9293,0.9679976171959029,0.7397417330436882,nan,0.6278052805280528,0.778514876922548
9294,9294,0.8482346545740079,nan,0.5895502695366984,nan,0.7188924620553532
9295,9295,1.0,nan,nan,nan,1.0
9296,9296,0.8466235133745276,0.6047888550282978,0.5395116709015236,nan,0.6636413464347831
9297,9297,0.9076534017730397,0.9150948222934716,0.0,0.8205007618653474,0.6608122464829647
9298,9298,0.9715194495383067,0.6780827597644913,nan,0.5997172395511178,0.7497731496179719
9299,9299,0.9582262867199346,0.5625520399666945,nan,0.2529042750929368,0.5912275339265219
9300,9300,1.0,nan,nan,nan,1.0
9301,9301,0.9217322672523249,0.8445535848328222,nan,0.7233814236318111,0.8298890919056529
9302,9302,0.9332744057166409,0.8328281081520965,nan,0.651409228052101,0.8058372473069461
9303,9303,0.8973403614582944,nan,0.5878458199401082,0.0,0.4950620604661342
9304,9304,0.8950526611869862,0.8996414842809625,nan,0.7775757083705448,0.8574232846128312
9305,9305,1.0,nan,nan,nan,1.0
9306,9306,0.8704156695131536,0.8855316896082287,0.0,0.6898746174885585,0.6114554941524852
9307,9307,0.9629373878424402,0.7546309355900329,nan,0.7319803600654664,0.8165162278326465
9308,9308,0.9678792476939664,0.32378809572509715,0.37551581843191195,nan,0.5557277206169918
9309,9309,0.764340130819546,0.5669953977646285,0.547706329300001,nan,0.6263472859613918
9310,9310,0.9809081952841202,0.8436236755882729,nan,0.782217056516054,0.8689163091294825
9311,9311,0.9189921145865557,0.8397256197829389,nan,0.7786210826210826,0.8457796056635258
9312,9312,0.807753164556962,0.8960598125567576,nan,0.56452335310031,0.7561121100713432
9313,9313,0.9658298438767313,nan,0.336373228821224,nan,0.6511015363489776
9314,9314,1.0,nan,nan,nan,1.0
9315,9315,0.9445420791288288,0.9004209625861059,nan,0.7715265034795554,0.8721631817314967
9316,9316,0.9387581699346406,0.9333252164913937,nan,0.7111815771689972,0.8610883211983439
9317,9317,0.9583128498707559,0.6111572306159722,nan,0.3039274203175361,0.6244658336014214
9318,9318,0.9842718373713824,0.8508516360376512,nan,0.7903915001732301,0.8751716578607546
9319,9319,0.3993415832519531,nan,0.0,nan,0.19967079162597656
9320,9320,1.0,nan,nan,nan,1.0
9321,9321,0.9785913480468765,0.767699470219939,nan,0.7166319685403655,0.8209742622690603
9322,9322,1.0,0.9769484039827947,nan,0.5570141963059075,0.844654200096234
9323,9323,0.7667553855111037,0.6915094177935455,0.0,0.7249890142082906,0.5458134543782349
9324,9324,0.9587595085815727,0.0,0.4156070483444136,nan,0.4581221856419954
9325,9325,0.9092589868079054,0.8242031767460501,0.0,0.6681081081081081,0.6003925679155159
9326,9326,0.993560791015625,nan,0.0,nan,0.4967803955078125
9327,9327,0.9791394309490408,0.8431204673650282,nan,0.7873576055394237,0.8698725012844976
9328,9328,0.54277540641177,0.9350806338259134,nan,0.6595319879776729,0.7124626760717855
9329,9329,0.9796120282823599,0.8092210877801322,nan,0.6920170051960322,0.8269500404195081
9330,9330,1.0,nan,nan,nan,1.0
9331,9331,0.9658763084869633,0.8640299338239842,nan,0.8075119816628464,0.8791394079912647
9332,9332,0.7248649703910978,0.8360006992895853,0.1849085200822778,0.5738783341613417,0.5799131309810757
9333,9333,0.9946832026880005,0.6121121121121121,nan,0.48058902275769744,0.6957947791859368
9334,9334,0.4425658701288261,0.0,0.36121819362177626,nan,0.2679280212502008
9335,9335,1.0,nan,nan,nan,1.0
9336,9336,0.9217997192680737,0.862350307273902,nan,0.8390376984126984,0.8743959083182246
9337,9337,0.9905213454932527,0.6732348111658456,nan,0.7050621400424371,0.7896060989005118
9338,9338,0.9294989394026257,0.8074910623387078,nan,0.6889587245621431,0.8086495754344923
9339,9339,0.9629194768314994,0.9474239716292095,nan,0.9144703546541052,0.9416046010382714
9340,9340,1.0,nan,nan,nan,1.0
9341,9341,0.9720551283027488,0.8105958277052379,nan,0.6902429618202854,0.8242979726094241
9342,9342,0.8665030674846625,0.9626535528699703,nan,0.4407436565130503,0.7566334256225611
9343,9343,0.900101722263145,0.9138003194478848,nan,0.7035602136943844,0.8391540851351381
9344,9344,0.911007551725106,0.8328617508912908,nan,0.648546220780402,0.7974718411322662
9345,9345,1.0,nan,nan,nan,1.0
9346,9346,0.9126421992242835,0.8474535463403581,nan,0.7969177864102401,0.8523378439916272
9347,9347,0.6959114704128289,0.9256530325913084,nan,0.6274990388312187,0.749687847278452
9348,9348,1.0,0.985588620625117,nan,0.4145414224615872,0.8000433476955681
9349,9349,0.8617565090388828,0.9098623037447284,nan,0.74040819206548,0.837342334949697
9350,9350,1.0,nan,nan,nan,1.0
9351,9351,0.8360495860604221,0.7644752447205848,0.0,0.6297586008273551,0.5575708579020905
9352,9352,0.9829305958930202,0.8841120539822104,nan,0.0,0.6223475499584102
9353,9353,0.8722062112098347,0.918376688623423,0.0,0.2896167660724289,0.5200499164764216
9354,9354,0.782490790509608,0.9411118114594063,0.009689922480620155,0.7622976451061987,0.6238975423889583
9355,9355,0.7762749979921292,0.9198605627990909,nan,0.6929052820291491,0.7963469476067897
9356,9356,0.9017005668556185,0.8630005827991009,nan,0.8581956479340225,0.8742989325295806
9357,9357,1.0,nan,nan,nan,1.0
9358,9358,0.6285114736343329,0.90501968503937,nan,0.7522342892697551,0.7619218159811526
9359,9359,0.9338333364642233,0.7769409831576065,nan,0.72265625,0.8111435232072766
9360,9360,0.21160840468866904,nan,0.31470031659718994,nan,0.2631543606429295
9361,9361,0.6045220966084276,0.9490895722503352,nan,0.64242853099349,0.7320133999507509
9362,9362,0.9269567285426393,0.8957493118238269,0.0,0.8599302061040739,0.6706590616176351
9363,9363,0.8329258752200274,0.8962794759825328,nan,0.8283876512024583,0.8525310008016729
9364,9364,0.1199346851681987,0.8446899661781285,0.0,0.7937879864235535,0.4396031594424702
9365,9365,0.9999542236328125,nan,nan,0.0,0.49997711181640625
9366,9366,1.0,0.9428895174763866,nan,0.5556485086392741,0.8328460087052202
9367,9367,0.9922254616132167,0.9641523584604583,nan,0.48305816027152965,0.8131453267817349
9368,9368,0.7845110654315385,0.8907622212928928,0.0,0.5874954378281254,0.5656921811381392
9369,9369,0.8920230105465005,0.838771821024714,nan,0.7652453549309195,0.8320133955007113
9370,9370,0.9998931884765625,nan,nan,0.0,0.49994659423828125
9371,9371,0.7744906290944307,0.8741543435311022,0.18830859763748864,0.7556458195669918,0.6481498474575034
9372,9372,0.715093026604169,0.6157315818627839,0.013533735310945821,0.010883974045908044,0.3388105794559517
9373,9373,0.9264447245957261,0.608712176582371,0.27986247544204323,0.6352922439878962,0.6125779051520092
9374,9374,0.7527576426095178,0.7143537305022779,0.006860979204191911,0.15717775272453965,0.4077875262601318
9375,9375,0.9862518310546875,0.0,0.0,nan,0.3287506103515625
9376,9376,0.9659459927219067,0.8141821455648218,0.0,0.7416147711132962,0.6304357273500062
9377,9377,1.0,0.9683337492127996,nan,0.45235975066785394,0.8068978332935512
9378,9378,0.7624103230776639,0.8794618742890551,0.03279327672846993,0.5696355948180667,0.5610752672283139
9379,9379,1.0,0.936391207044404,0.0,0.5932882100712286,0.6324198542789081
9380,9380,1.0,nan,nan,nan,1.0
9381,9381,1.0,0.9836328827068844,nan,0.42851296043656206,0.8040486143811488
9382,9382,0.8260947918543882,0.8925698104904671,0.0017928286852589642,0.7414873112752971,0.6154861855763528
9383,9383,0.9594195048186517,0.5547288359788359,nan,0.8687091783103216,0.794285839702603
9384,9384,0.848157594254554,0.8266450040617385,0.013710236463067087,0.8592314233206243,0.636936064524996
9385,9385,1.0,0.9887456365992521,nan,0.42229324810227725,0.8036796282338431
9386,9386,1.0,nan,nan,nan,1.0
9387,9387,0.8029832054923184,0.8546129147342133,0.17517212504652027,0.0,0.458192061318263
9388,9388,0.16143371595768624,0.9325740706596508,0.0,0.2482242842727974,0.3355580177225336
9389,9389,0.9634609399315281,0.5453165148329829,0.0,0.05051614320228421,0.38982339949169886
9390,9390,1.0,nan,nan,nan,1.0
9391,9391,1.0,0.9850856043830702,nan,0.5601948503827419,0.8484268182552707
9392,9392,0.9542956809596483,0.7687362093890284,nan,0.7593741446948271,0.8274686783478346
9393,9393,0.9156034293251264,0.89521341640948,0.0,0.5463684959050562,0.5892963354099157
9394,9394,0.14972453805275218,0.7943400370219308,0.3062957638169113,0.3803492584625835,0.4076773993385444
9395,9395,1.0,nan,nan,nan,1.0
9396,9396,1.0,nan,nan,nan,1.0
9397,9397,1.0,0.9816577418520231,nan,0.4600738518347565,0.8139105312289265
9398,9398,0.7205425151562257,0.8102483932603787,0.0,0.008266433510849694,0.3847643354818635
9399,9399,1.0,0.9773067164385237,nan,0.49592427031291086,0.8244103289171448
9400,9400,1.0,nan,nan,nan,1.0
9401,9401,0.8092437869192699,0.9050692984679299,0.0,0.6169599845070082,0.582818267473552
9402,9402,0.8966665206535547,0.6981283813423015,0.0,0.5217058711034614,0.5291251932748293
9403,9403,0.8619005099850611,0.8576002533271174,nan,0.7592541815190568,0.8262516482770783
9404,9404,0.8838879484946626,0.9124664564711256,0.0,0.6183726168891819,0.6036817554637425
9405,9405,0.9392299273704109,0.906531472491061,nan,0.7388406803193336,0.8615340267269351
9406,9406,0.7787963202902306,0.9101617054675146,nan,0.6314009850676257,0.7734530036084569
9407,9407,0.6822074215033301,0.9415319644677442,nan,0.5815961201533657,0.7351118353748133
9408,9408,1.0,nan,nan,nan,1.0
9409,9409,0.9837727152338824,0.8759786137101394,nan,0.0,0.6199171096480073
9410,9410,0.8885450075501367,0.7697566150038305,0.0,0.8141527336424986,0.6181135890491165
9411,9411,0.927931645672381,0.8708305350346989,0.5585815829406597,0.6827909154764692,0.7600336697810522
9412,9412,0.9977198697068403,0.974021806278732,nan,0.6015610595538073,0.8577675785131266
9413,9413,0.8599612174352921,0.9717223879665182,nan,0.706467129877071,0.8460502450929605
9414,9414,1.0,nan,nan,nan,1.0
9415,9415,0.8158213704026362,0.950989529626398,nan,0.5256825341267063,0.7641644780519136
9416,9416,0.9305108591943335,0.8353241715353502,nan,0.4943483589813428,0.7533944632370089
9417,9417,0.8170752356405094,0.9243012114973473,nan,0.6736872781221851,0.8050212417533472
9418,9418,0.9565925176439946,0.8606777078689727,nan,0.8373714626800879,0.8848805627310184
9419,9419,1.0,nan,nan,nan,1.0
9420,9420,0.8203092773132917,0.8280598004808356,nan,0.8258864443940425,0.82475184072939
9421,9421,0.6345530907222483,0.8889968685887053,0.0,0.044819932698503616,0.39209247300236433
9422,9422,0.8938489384893848,0.6928816127544634,nan,0.6770788368716399,0.7546031293718293
9423,9423,0.9060784712339907,0.9396640569158397,nan,0.5432609113631994,0.7963344798376766
9424,9424,0.9954643249511719,nan,0.0,nan,0.49773216247558594
9425,9425,1.0,0.978777413502244,nan,0.5921706552488722,0.8569826895837055
9426,9426,0.6318112843150779,0.9215323393819687,nan,0.4748551633518485,0.6760662623496317
9427,9427,0.9966049194335938,nan,nan,0.0,0.4983024597167969
9428,9428,0.7741784664707454,0.9548409431857522,nan,0.660424726314923,0.7964813786571403
9429,9429,0.627262733602052,0.9382406583433923,nan,0.6285624393697071,0.7313552771050503
9430,9430,1.0,nan,nan,nan,1.0
9431,9431,0.5637728979406076,0.9552451750310427,nan,0.6242517054155645,0.7144232594624049
9432,9432,0.8673563272624327,0.8905389869479948,nan,0.7352728586917239,0.8310560576340503
9433,9433,0.8872266351191482,0.851275029950368,nan,0.751294561905296,0.8299320756582708
9434,9434,0.8886144506606356,0.8506353591160221,nan,0.6666826657707169,0.8019774918491249
9435,9435,1.0,nan,nan,nan,1.0
9436,9436,0.7977174308287329,0.7970688146585002,0.6191577833219929,0.5638159266208047,0.6944399888575077
9437,9437,0.8818327180843714,0.8025650160313502,0.2994390738751641,0.6077436297820995,0.6478951094432464
9438,9438,0.3424007313299892,0.7215255556516474,0.25846796415001305,0.3096364278150371,0.4080076697366717
9439,9439,1.0,0.9748382772311,nan,0.5228640192539109,0.8325674321616704
9440,9440,1.0,nan,nan,nan,1.0
9441,9441,0.8419792293606178,0.9141666565574467,nan,0.7054477572698112,0.8205312143959586
9442,9442,0.78915869377222,0.8910337967568068,0.0,0.6190799854351257,0.5748181189910382
9443,9443,0.9776549116223107,0.7583209667161331,0.0013989571410403154,nan,0.579124945159828
9444,9444,0.9450922579417919,0.8068635097493037,nan,0.6617739975698663,0.8045765884203205
9445,9445,1.0,nan,nan,nan,1.0
9446,9446,0.9931906614785992,0.8831433786250253,0.0,0.5187687278670662,0.5987756919926727
9447,9447,0.6820595662507427,0.5643864704990141,0.5594907980852986,0.0,0.4514842087087638
9448,9448,1.0,0.9830033361628205,nan,0.5738045738045738,0.8522693033224648
9449,9449,0.8744905333140627,0.8972366352386842,0.005315524056153742,0.4758218893050354,0.563216145478484
9450,9450,0.9487538631147097,0.9303108990104568,nan,0.7816728884741018,0.8869125501997561
9451,9451,0.9804056667096367,0.8709282326575285,nan,0.41108638478656684,0.7541400947179105
9452,9452,0.8329026701119724,0.892447566259706,nan,0.7841986712346918,0.8365163025354567
9453,9453,0.6639057978245684,0.9538572019237046,nan,0.7618661622984779,0.7932097206822503
9454,9454,1.0,nan,nan,nan,1.0
9455,9455,1.0,nan,nan,nan,1.0
9456,9456,0.8457368866227469,0.7695647153908325,0.0,0.643953488372093,0.5648137725964182
9457,9457,0.05971426051680042,0.7793059433585959,0.0,0.3045165843330981,0.2858841970521236
9458,9458,0.8339232235230057,0.967414191385408,nan,0.640655323374103,0.8139975794275056
9459,9459,0.8511606782398062,0.8908930053288161,nan,0.7420665686405561,0.8280400840697263
9460,9460,0.7705051824043091,0.9740939046299034,nan,0.8204386282181961,0.8550125717508029
9461,9461,0.9148773006134969,0.9073531297514151,0.0,0.7828423298139497,0.6512681900447155
9462,9462,0.8697188771194974,0.9038435046149608,nan,0.7434887241392695,0.8390170352912425
9463,9463,0.9688169150481519,0.9385382436260623,nan,0.901088858135102,0.9361480056031054
9464,9464,1.0,nan,nan,nan,1.0
9465,9465,0.9627952575683594,0.0,nan,0.0,0.32093175252278644
9466,9466,0.9663801755628353,0.9389902213645557,nan,0.6536129852351619,0.8529944607208509
9467,9467,1.0,0.9803947633434038,nan,0.6899605045228692,0.890118422622091
9468,9468,0.5517065499213669,0.8807529104558808,nan,0.46133248169802976,0.6312639806917592
9469,9469,0.6435934769947583,0.9101679414699035,nan,0.7430408290553183,0.7656007491733267
9470,9470,0.7553810623556582,0.9388965778958412,nan,0.8655050111508181,0.8532608838007726
9471,9471,0.9013675610689109,0.8778180119144959,nan,0.7724857114208362,0.8505570948014144
9472,9472,0.9795521392258756,0.8941143808995002,nan,0.921932566707603,0.9318663622776596
9473,9473,0.7262699858328273,0.9683077110785749,nan,0.7540434672731867,0.8162070547281962
9474,9474,1.0,nan,nan,nan,1.0
9475,9475,0.9067981219027451,0.9067354686681794,nan,0.8975513485856297,0.9036949797188515
9476,9476,0.7121266356441157,0.9525826801388533,nan,0.7466998363925682,0.803803050725179
9477,9477,0.9460169306042913,0.9204889183749199,nan,0.7915746364807656,0.8860268284866589
9478,9478,1.0,nan,nan,nan,1.0
9479,9479,0.8584782736619114,0.8883626522327469,nan,0.6630606443461782,0.8033005234136121
9480,9480,1.0,nan,nan,nan,1.0
9481,9481,0.5211526108103147,0.9441227724998594,0.0,0.745889231090463,0.5527911536001593
9482,9482,0.8585418933623504,0.9227797923376653,nan,0.6404763982200506,0.8072660279733554
9483,9483,0.8035463769534436,0.9149394465569158,0.0,0.8332348087391315,0.6379301580623726
9484,9484,0.9565812225663632,0.9044851055832248,nan,0.8570706815540847,0.9060456699012244
9485,9485,1.0,nan,nan,nan,1.0
9486,9486,0.8879396589516755,0.9215795900951933,nan,0.7819384085119137,0.8638192191862609
9487,9487,1.0,0.9880573311315314,nan,0.6632880374248162,0.8837817895187826
9488,9488,0.7983309883072146,0.874581009901296,nan,0.677309166957128,0.7834070550552128
9489,9489,0.9653351525917788,0.8504881572610656,nan,0.7402738732202775,0.8520323943577073
9490,9490,1.0,nan,nan,nan,1.0
9491,9491,0.8341872026026543,0.9011470670521309,0.0,0.7762153475291281,0.6278874042959783
9492,9492,0.8676801379620604,0.956229385961966,nan,0.8987534507783818,0.9075543249008028
9493,9493,0.9733079122974261,0.9792904051877246,nan,0.7681146236070048,0.9069043136973852
9494,9494,0.9854655688363806,0.874174851070681,nan,0.9033768122528746,0.921005744053312
9495,9495,1.0,nan,nan,nan,1.0
9496,9496,0.8200306957473313,0.7832418262879789,0.21024828314844163,0.7100750995294969,0.6308989761783121
9497,9497,0.9750187017761344,0.8366752696711005,nan,0.801796157059315,0.87116337616885
9498,9498,0.8093756382378029,0.8891796344325059,nan,0.7421394695239768,0.813564914064762
9499,9499,1.0,0.9721504987049981,nan,0.5247793618465716,0.83230995351719
9500,9500,0.8539840576611795,0.9292211771285108,nan,0.7735282835804057,0.8522445061233653
9501,9501,0.8982492260180839,0.8885483331354752,nan,0.8490040345195665,0.8786005312243752
9502,9502,1.0,0.9658496657723614,nan,0.6752879210722849,0.8803791956148821
9503,9503,0.9461556812281613,0.7392196189260644,nan,0.7955826586040792,0.8269859862527683
9504,9504,1.0,nan,nan,nan,1.0
9505,9505,0.8989181792362707,0.9669304931091091,nan,0.666082690960056,0.8439771211018119
9506,9506,0.8971305280608514,0.8342437526793987,nan,0.7077606169403666,0.8130449658935389
9507,9507,1.0,0.979596652907107,nan,0.6401157048116269,0.8732374525729113
9508,9508,1.0,nan,nan,nan,1.0
9509,9509,0.8635175477438615,0.652279093455564,0.0,0.8137471156876099,0.5823859392217589
9510,9510,0.9436592226304041,0.8869393036386449,0.0,0.7574871522239943,0.6470214196232609
9511,9511,0.8157081014223871,0.8683488838841139,nan,0.7885780981243345,0.8242116944769452
9512,9512,0.9246122736382184,0.9348456279954481,nan,0.8273709315375982,0.8956096110570883
9513,9513,1.0,nan,nan,nan,1.0
9514,9514,0.8283370514965607,0.9444110115992307,nan,0.8160691090627397,0.8629390573861769
9515,9515,1.0,nan,nan,nan,1.0
9516,9516,0.9423412274287,0.8895251195598279,nan,0.8497934805794178,0.8938866091893152
9517,9517,0.9791610804466278,0.9343485216566926,nan,0.8092958616429895,0.90760182124877
9518,9518,0.7188553695580819,0.9122243333281843,nan,0.6863178754047311,0.7724658594303325
9519,9519,0.7905754518239273,0.890616593542325,nan,0.8311816997904988,0.8374579150522504
9520,9520,0.292326779919832,0.9158699898797336,nan,0.6100392692504695,0.606078679683345
9521,9521,0.8626016130828336,0.876249016808926,nan,0.8255338893855887,0.8547948397591161
9522,9522,0.8740797220104246,0.8147709689813806,nan,0.8189183031849455,0.8359229980589169
9523,9523,0.9235214631120026,0.929318316093517,nan,0.8270499435386414,0.8932965742480535
9524,9524,1.0,nan,nan,nan,1.0
9525,9525,0.8991064590247638,0.931798251108717,nan,0.9252897787144363,0.9187314962826391
9526,9526,0.8678821248981656,0.9056601192755923,nan,0.7584043449761214,0.8439821963832932
9527,9527,0.8170292008399699,0.9663845745054196,nan,0.8455429011817092,0.8763188921756996
9528,9528,1.0,nan,nan,nan,1.0
9529,9529,0.900024593378399,0.88370582268671,nan,0.7091423097591177,0.8309575752747422
9530,9530,0.36894724162852327,0.8766043161157953,0.7388269026989964,0.6978522946003445,0.6705576887609148
9531,9531,0.8361493889078249,0.9308765959801358,nan,0.8499607557324662,0.8723289135401423
9532,9532,0.8663320233194881,0.9053347927473469,nan,0.8413641167626789,0.8710103109431713
9533,9533,0.8078940605584194,0.9001468334213475,nan,0.7431319554848966,0.8170576164882212
9534,9534,1.0,nan,nan,nan,1.0
9535,9535,1.0,nan,nan,nan,1.0
9536,9536,0.9350488223965282,0.8371052517266844,nan,0.7306618407445709,0.8342719716225945
9537,9537,1.0,0.9548810126582279,nan,0.8735884923111843,0.9428231683231374
9538,9538,0.9273077821040978,0.9083588612710418,nan,0.7966504390766579,0.8774390274839324
9539,9539,1.0,0.832738452100442,0.358189748436984,0.5574604047136428,0.6870971513127672
9540,9540,0.8551218439894486,0.9417783305564029,nan,0.8000862213493641,0.8656621319650718
9541,9541,0.9560975174297677,0.863910596428716,nan,0.6973695375477301,0.8391258838020712
9542,9542,1.0,nan,nan,nan,1.0
9543,9543,0.8471985659990033,0.8497476474696349,nan,0.5793538742629349,0.7587666959105244
9544,9544,1.0,0.23507230166972917,0.730498509440212,0.1412989341567885,0.5267174363166824
9545,9545,0.9505223498685302,0.7488232777064613,nan,0.7306171805962514,0.8099876027237477
9546,9546,0.7501202650486491,0.0,0.7919282999026996,0.0,0.38551214123783717
9547,9547,0.7339564246039066,0.7523281061519903,0.5416314494468548,0.5345110180295028,0.6406067495580637
9548,9548,1.0,nan,nan,nan,1.0
9549,9549,1.0,0.6285929564101133,0.7440537516205837,0.12579448526805756,0.6246102983246886
9550,9550,0.8845018666562421,0.9513111803745905,nan,0.7792927050964974,0.8717019173757766
9551,9551,0.9793119600291454,0.880229894296853,nan,0.8235141895971707,0.8943520146410564
9552,9552,1.0,0.9689127293835509,nan,0.7586910047689525,0.9092012447175012
9553,9553,1.0,nan,nan,nan,1.0
9554,9554,0.9622318863224048,0.9653121628723963,nan,0.7802713325725879,0.9026051272557963
9555,9555,0.9890536864024765,0.7990262901655306,nan,0.8113498622589531,0.86647661294232
9556,9556,0.7020398808159524,0.9457080917396467,0.08942096261910579,0.7105870289669316,0.6119389910354092
9557,9557,0.9163561419488991,0.4575077022863629,0.22369743074494045,0.3840918409184092,0.4954132789746529
9558,9558,1.0,nan,nan,nan,1.0
9559,9559,0.920695226865802,0.9347088926565975,nan,0.8346749682244368,0.8966930292489455
9560,9560,0.8565143629410242,0.9028881035776832,0.28422738190552443,0.7228852617384829,0.6916287775406786
9561,9561,0.8315906896207252,0.9387057549561104,nan,0.7597546334508892,0.843350359342575
9562,9562,0.9016470843201907,0.8703043920184026,nan,0.8125633055080158,0.8615049272822031
9563,9563,1.0,nan,nan,nan,1.0
9564,9564,0.8053542491897732,0.8561688585398752,0.641451263114706,0.5827027744590468,0.7214192863258503
9565,9565,1.0,0.950029008258822,0.5532839962997225,0.8606951690493936,0.8410020434019845
9566,9566,0.23602836879432623,0.8679810717156287,nan,0.6966584333482041,0.6002226246193864
9567,9567,0.9497681085657008,0.8107991670855174,nan,0.8054220624380939,0.8553297793631041
9568,9568,1.0,nan,nan,nan,1.0
9569,9569,0.5982940341444418,0.7696531548435023,0.08621786714176635,0.6511530880893122,0.5263295360547556
9570,9570,0.828405846690119,0.9054600802975825,0.0,0.7825330669605952,0.6290997484870742
9571,9571,0.7387428196923551,0.843621357553935,0.5830223240961141,nan,0.7217955004474681
9572,9572,0.6204201109478809,0.00018681113394358303,0.8159353742496487,0.37718406659890613,0.4534315907325948
9573,9573,1.0,nan,nan,nan,1.0
9574,9574,0.9243867156892291,0.7111931964607852,nan,0.7203450266580637,0.785308312936026
9575,9575,0.08239851505124687,0.0,0.5805463141306251,0.14486843382852704,0.20195331575259973
9576,9576,1.0,nan,nan,nan,1.0
9577,9577,0.9636879023734025,0.8795679154217422,nan,0.7900439363562684,0.8777665847171376
9578,9578,0.798687863622699,0.9084777359907306,nan,0.7853109713487072,0.8308255236540455
9579,9579,0.8070453944135767,0.9397858949473561,nan,0.7218701027337628,0.8229004640315652
9580,9580,0.8889409202286959,0.9278152367666435,nan,0.8344683833174606,0.8837415134376
9581,9581,1.0,nan,nan,nan,1.0
9582,9582,1.0,0.7782810823697699,0.19988793312333414,0.4023254277597939,0.5951236108132245
9583,9583,0.818191563488235,0.9044464299983292,nan,0.8889623522090853,0.8705334485652165
9584,9584,0.9300618001590896,0.9055983538681589,nan,0.8298536464362494,0.8885046001544993
9585,9585,0.9077274658643301,0.848852756408103,0.23235841404647167,0.6432000459941932,0.6580346705782745
9586,9586,0.9528936742934051,0.7281113720228112,0.0,0.7399467699007984,0.6052379540542536
9587,9587,0.9278305175650309,0.948043127599966,nan,0.8883147136506062,0.921396119605201
9588,9588,0.30117994100294987,0.8792827310601964,0.46150779942069037,0.4445954589063,0.5216414825975342
9589,9589,1.0,nan,nan,nan,1.0
9590,9590,0.8694572448730469,nan,0.0,nan,0.43472862243652344
9591,9591,0.9967458509599739,0.6598607428698863,0.0,0.1561271676300578,0.4531834403649795
9592,9592,0.9541844620703681,0.8801581027667984,nan,0.8341960530572631,0.8895128726314766
9593,9593,0.8091043917794122,0.9669430450791447,nan,0.8808780325566785,0.8856418231384119
9594,9594,0.9211759819627389,0.9551668445187899,nan,0.8640044638144501,0.9134490967653263
9595,9595,1.0,0.9126141998613485,0.650126990026637,0.5774541327785133,0.7850488306666247
9596,9596,0.9268998975188274,0.9331432530377318,nan,0.8658496312332588,0.9086309272632728
9597,9597,1.0,nan,nan,nan,1.0
9598,9598,0.298939435486011,0.8001695573845773,0.5622057940795501,0.7672500741619698,0.607141215278027
9599,9599,0.7329461310625695,0.5606825282384043,0.3911569891071443,0.34209896487764013,0.5067211533214395
9600,9600,0.3658130138816834,0.4033535881855242,0.7876523235358321,0.0,0.38920473140075995
9601,9601,0.8660361209521024,0.9096963923916659,0.0,0.820603024330945,0.6490838844186784
9602,9602,1.0,nan,nan,nan,1.0
9603,9603,0.96733431788813,0.9285730459197536,nan,0.9246541637049592,0.9401871758376142
9604,9604,0.9264281363383564,0.9440843725586644,nan,0.8155717761557177,0.8953614283509128
9605,9605,0.31635724057064685,nan,0.857771308689359,nan,0.587064274630003
9606,9606,0.9188350790117149,0.8825568856553965,nan,0.773569802636516,0.8583205891012091
9607,9607,0.9345034056003205,0.9473397784749343,nan,0.9089742904484472,0.9302724915079007
9608,9608,0.7533318375588961,0.9528728609783029,nan,0.8513390984261026,0.8525145989877672
9609,9609,0.9998741149902344,nan,nan,0.0,0.4999370574951172
9610,9610,0.9290086269217793,0.9116213802780967,nan,0.8321606282071218,0.8909302118023326
9611,9611,1.0,nan,nan,nan,1.0
9612,9612,1.0,0.8541225269314553,0.5256890676206766,0.35878371937851494,0.6846488284826616
9613,9613,0.8896886977657287,0.9329743250774395,nan,0.7728112505170275,0.8651580911200653
9614,9614,0.8462683966224672,0.923342706815274,nan,0.8331789229878401,0.8675966754751938
9615,9615,0.8589149531808089,0.5121845082680592,0.8964837361032071,nan,0.7558610658506918
9616,9616,0.965475797709384,0.9375533428165007,nan,0.8443511243565429,0.9157934216274759
9617,9617,1.0,nan,nan,nan,1.0
9618,9618,0.8845105609811492,0.945767069389315,nan,0.936709446178749,0.9223290255164044
9619,9619,0.6147225279044175,0.9224021027607106,0.29623244470608023,0.857504390042351,0.6727153663533898
9620,9620,1.0,nan,nan,nan,1.0
9621,9621,0.952116585704372,0.9163553183377812,nan,0.812999119919163,0.8938236746537721
9622,9622,0.33113513513513515,0.8481475299439971,0.651767745036196,0.6495193225950213,0.6201424331775873
9623,9623,1.0,0.9506700646247161,nan,0.365710494079216,0.7721268529013107
9624,9624,0.9208643800414728,0.9222924317707208,nan,0.8668632451386675,0.9033400189836204
9625,9625,0.7054404892401777,0.871713601308717,0.7571359834708404,0.0,0.5835725185049339
9626,9626,0.9431218362993856,0.8867728263636062,nan,0.7481478817521399,0.8593475148050439
9627,9627,0.8633515898971591,0.8810098809862045,nan,0.593760061819821,0.7793738442343948
9628,9628,0.8597963402495981,0.9261038470062183,nan,0.8363244426955911,0.8740748766504692
9629,9629,1.0,nan,nan,nan,1.0
9630,9630,0.9443896204743262,0.9520258367586611,nan,0.5096226573661652,0.8020127048663842
9631,9631,0.954502960423808,0.8476083557938978,0.0,0.6935666544369825,0.6239194926636721
9632,9632,0.9700573306209168,0.7947966613390162,0.0,0.8118616609142777,0.6441789132185527
9633,9633,1.0,nan,nan,nan,1.0
9634,9634,1.0,0.9854544465892716,nan,0.3011755924612801,0.7622100130168507
9635,9635,0.4244386570000704,0.4129987154909213,0.4840190429531488,0.0,0.3303641038610351
9636,9636,0.9220476791916641,0.9469996791100652,nan,0.7740033688938799,0.881016909065203
9637,9637,1.0,nan,nan,nan,1.0
9638,9638,0.9215004356535921,0.9326810542577595,nan,0.8268212937372423,0.8936675945495313
9639,9639,0.7513488153882243,0.9617762045646661,nan,0.8808694530443757,0.8646648243324219
9640,9640,0.420626201592969,0.5360684952735162,0.7849534306389422,0.0,0.4354120318763568
9641,9641,0.931695464362851,0.8985299351790934,nan,0.33448467966573814,0.7215700264025608
9642,9642,0.992431640625,0.0,nan,nan,0.4962158203125
9643,9643,0.7688494413967815,0.9353241349433035,nan,0.6878136762860728,0.7973290842087192
9644,9644,0.6963855948890736,0.8697526935360868,nan,0.7165251283802045,0.7608878056017883
9645,9645,1.0,nan,nan,nan,1.0
9646,9646,0.5772498711573552,0.5309924167490933,0.6389529533396199,0.0,0.43679881031151707
9647,9647,0.5262350328244435,0.5264658867979365,0.41366898365583316,0.0,0.3665924758195533
9648,9648,0.8510187219669869,0.00021853146853146853,0.4993305125595844,nan,0.4501892553317009
9649,9649,0.8497798206422166,0.9379503517287092,nan,0.8444330991119292,0.8773877571609517
9650,9650,1.0,0.9459655379282762,0.0,0.5205001047705525,0.6166164106747072
9651,9651,0.9232486189749821,0.5687332871149846,nan,0.6695410593159186,0.720507655135295
9652,9652,0.4875187864807242,0.5947094403185055,0.38445979786564616,0.0,0.366672006166219
9653,9653,1.0,nan,nan,nan,1.0
9654,9654,0.7422593094508603,0.0,0.8724247337377352,0.0,0.40367101079714884
9655,9655,0.9970626831054688,nan,0.0,nan,0.4985313415527344
9656,9656,0.8950905902980713,0.884730445621689,0.708627600687154,0.4827655310621243,0.7428035419172596
9657,9657,0.932109947746699,0.8683494705482335,nan,0.8510155803899176,0.8838249995616168
9658,9658,0.5934761620494226,0.8048911002628615,0.20811340829908415,nan,0.5354935568704561
9659,9659,0.9652245658498841,0.0,0.5287638431607303,nan,0.4979961363368715
9660,9660,0.9970588684082031,0.0,nan,0.0,0.3323529561360677
9661,9661,0.9139509647665232,0.6812369589642073,0.17353136324197418,0.8433228919385878,0.6530105447278232
9662,9662,0.8906200631911533,0.960037332963367,nan,0.9026518640616668,0.9177697534053957
9663,9663,0.9264489816597427,0.8817146764172538,nan,0.8674549594535214,0.8918728725101727
9664,9664,0.7332315521628499,0.9695758731319569,nan,0.683495232153997,0.7954342191496013
9665,9665,1.0,nan,nan,nan,1.0
9666,9666,0.8989528027925259,0.14132075471698113,0.6268540428233393,0.6478494623655914,0.5787442656746095
9667,9667,0.6186628963845687,nan,0.9927127037490205,nan,0.8056878000667946
9668,9668,0.7807872272628171,0.8997194342405924,nan,0.8536204222831921,0.8447090279288673
9669,9669,0.984675676636629,0.6528221512247071,nan,0.7632751578165614,0.8002576618926325
9670,9670,0.6460096829611119,0.7060782681099084,0.6724129012233919,0.7850869925434962,0.7023969612094771
9671,9671,1.0,nan,nan,nan,1.0
9672,9672,0.9787488762689938,0.8883869099333912,nan,0.8421507922054271,0.9030955261359374
9673,9673,0.7257603242306875,0.9026047952885989,0.5522869364922672,0.8472744826220417,0.7569816346583988
9674,9674,0.9097257323265706,0.903827339486309,nan,0.8469928130122305,0.8868486282750366
9675,9675,0.7801109370455229,0.0032719525186425203,0.49032466037301403,0.0,0.3184268874842949
9676,9676,0.9352244314424452,0.8412922109599437,nan,0.7977266684392449,0.8580811036138779
9677,9677,1.0,nan,nan,nan,1.0
9678,9678,0.03175442415948745,0.7725832878208629,0.09982449817446762,0.6319981823770766,0.3840400981329737
9679,9679,0.9848651102955087,0.5403715284164061,0.453739046287834,nan,0.659658561666583
9680,9680,1.0,nan,nan,nan,1.0
9681,9681,0.9528096386728364,0.9103901342707312,nan,0.8535910224438903,0.9055969317958192
9682,9682,0.9780385569218154,0.6062266791044776,nan,0.728150406504065,0.7708052141767859
9683,9683,0.05939960439048986,0.5734851353616369,0.30032659886081353,nan,0.31107044620431346
9684,9684,0.912761274898618,0.9603868208641825,nan,0.7746164989042826,0.882588198222361
9685,9685,0.2592316245318352,nan,0.792848522041526,nan,0.5260400732866806
9686,9686,1.0,nan,nan,nan,1.0
9687,9687,0.9613773170404816,0.9248448869375219,nan,0.8995428272209132,0.9285883437329723
9688,9688,0.9791461459522505,0.7343991350015446,nan,0.8492939666238768,0.8542797491925573
9689,9689,0.2727240071637134,0.5508750137006321,0.16941475405308365,0.6489226869455006,0.4104841154657325
9690,9690,1.0,nan,nan,nan,1.0
9691,9691,0.25795284038995114,nan,0.6173937096697512,nan,0.43767327502985115
9692,9692,0.9492074434920136,0.2768336314847943,0.7752541669548378,nan,0.6670984139772153
9693,9693,0.7999854939316281,0.907980600586527,nan,0.774183892371909,0.8273833289633546
9694,9694,0.9018706998635948,0.884523490260136,nan,0.8412451361867704,0.8758797754368337
9695,9695,1.0,nan,nan,nan,1.0
9696,9696,0.9884285635702105,0.697797781707121,nan,0.7558459422283357,0.8140240958352224
9697,9697,0.3557078155847172,0.8069300821836669,0.5362836011716917,0.48911096990352954,0.5470081172109014
9698,9698,0.7642892877243449,0.7741666828068409,0.0,0.5914282623143383,0.532471058211381
9699,9699,0.9174105621805793,0.9284112748238309,nan,0.8120049860964618,0.8859422743669573
9700,9700,0.9791079293124735,0.8941712333641734,nan,0.8950038853590528,0.9227610160118999
9701,9701,0.9293518550199017,0.8636817727726819,nan,0.7194066246697826,0.8374800841541221
9702,9702,0.8700484468509547,0.8565414649042447,nan,0.7867235494880546,0.8377711537477514
9703,9703,1.0,nan,nan,nan,1.0
9704,9704,0.8658036677454153,0.9507188129735328,nan,0.8626803893052915,0.8930676233414131
9705,9705,0.9639634503454388,0.8977897102897103,nan,0.8827986514198325,0.9148506040183273
9706,9706,1.0,nan,nan,nan,1.0
9707,9707,0.8608706631686752,0.8746379670749419,0.0,0.884381956649092,0.6549726467231773
9708,9708,0.27461000537923613,0.8874304042166538,0.7577091660391203,0.8011825770547946,0.6802330381724512
9709,9709,0.9468711949239138,0.9075191739865178,nan,0.8835650130262894,0.9126517939789069
9710,9710,1.0,nan,nan,nan,1.0
9711,9711,0.9136502546689304,0.6244635954179523,0.0,0.7189510143493321,0.5642662161090537
9712,9712,0.7066290097405202,0.24565163711788238,0.45857360143074427,0.5953772582359192,0.5015578766312665
9713,9713,0.9688726552343218,0.6797329853443084,0.0,0.7510760401721664,0.5999204201876991
9714,9714,0.9353715763500516,0.853028752209919,nan,0.712144603113341,0.8335149772244371
9715,9715,0.7701863354037267,0.9084956850809923,nan,0.784939742498696,0.821207254327805
9716,9716,0.8871738092136685,0.18247472315840155,0.5562580346041179,0.0,0.406476641744047
9717,9717,1.0,nan,nan,nan,1.0
9718,9718,0.718273786656422,0.7401097341784126,nan,0.696433339266643,0.7182722867004926
9719,9719,0.8759046891608223,0.0,0.7554962407547016,nan,0.5438003099718413
9720,9720,0.9316894092716986,0.4260436826098977,nan,0.60210855134713,0.6532805477429088
9721,9721,1.0,nan,nan,nan,1.0
9722,9722,0.9458220501691693,0.9090594308738353,nan,0.8752475247524752,0.9100430019318266
9723,9723,0.9320840754160781,0.9024591156874622,nan,0.8332513682874594,0.8892648531303332
9724,9724,0.8780009390161198,0.930061236705189,nan,0.7482382867553539,0.8521001541588875
9725,9725,0.4891544422740562,0.7339776043838228,0.1293136300122793,0.7038342565283073,0.5140699832996164
9726,9726,1.0,nan,nan,nan,1.0
9727,9727,0.9107939339875112,0.93539017923229,nan,0.7636201350645851,0.8699347494281288
9728,9728,0.8985291143170283,0.7603248010324801,0.0,0.6645781672944784,0.5808580206609967
9729,9729,0.9812715394701725,0.9262646004932756,nan,0.6784565916398714,0.8619975772011066
9730,9730,0.9997711181640625,nan,nan,0.0,0.49988555908203125
9731,9731,0.7800074484632068,0.8716188440351886,0.7403569516927606,0.8776250610479314,0.8174020763097718
9732,9732,0.9928186922379363,0.6170781893004115,nan,nan,0.8049484407691738
9733,9733,0.8930388273379848,0.8388466216699659,nan,0.6249165688508366,0.7856006726195958
9734,9734,0.3456241940585387,0.8475551715553473,0.3610054605532429,0.2924913441165831,0.461669042570928
9735,9735,1.0,nan,nan,nan,1.0
9736,9736,0.10579214589161745,0.4939818916524407,0.5073273045731824,0.2646519026061422,0.34293831118084567
9737,9737,0.6772517268194501,0.9031018333788353,0.3169622001503057,0.8602435150873478,0.6893898188589846
9738,9738,0.9862768885053166,0.7920560747663551,nan,0.8342308986873107,0.870854620652994
9739,9739,0.9233152594887684,0.9032244059162349,nan,0.7787138111058377,0.8684178255036136
9740,9740,0.470076072744562,0.7630682715223324,0.22489459881153936,0.6540184564943966,0.5280143498932076
9741,9741,1.0,nan,nan,nan,1.0
9742,9742,0.6217803087980023,0.2627961212716337,0.5687327439904759,nan,0.48443639135337063
9743,9743,0.8787631501995906,0.8476917440156326,nan,0.8338926492615134,0.8534491811589122
9744,9744,0.8947521338825687,0.8612578531378775,nan,0.7853319776699216,0.8471139882301225
9745,9745,1.0,nan,nan,nan,1.0
9746,9746,0.5211897847086306,0.7728170833649973,0.47281093139988845,0.5018821541061689,0.5671749883949213
9747,9747,0.6999410637984382,0.2428345349041674,0.7282945105065972,nan,0.557023369736401
9748,9748,0.39626463758090813,0.5840149692595563,0.24678724988590234,0.5877208051686148,0.45369691547374535
9749,9749,0.98873598409229,0.7729900730882513,nan,0.6614997905320485,0.80774194923753
9750,9750,0.15787032264714979,0.6824119757793227,0.45426172252359365,0.0,0.3236360052375165
9751,9751,0.8882657972364539,nan,0.8489476202869592,nan,0.8686067087617066
9752,9752,0.8976956454094421,0.9086520863836017,nan,0.8809036588360482,0.8957504635430307
9753,9753,1.0,nan,nan,nan,1.0
9754,9754,0.9923398974086207,0.8920525224602626,nan,0.8649896145857373,0.9164606781515402
9755,9755,0.3480702795498379,0.9436298730466441,0.18098196153386692,0.0,0.36817052853258725
9756,9756,0.42259310001245487,0.8958065607034156,0.0,0.7947539888062819,0.528288412380538
9757,9757,0.9495384148768791,0.4255876263548898,0.4091383979019637,nan,0.5947548130445776
9758,9758,1.0,nan,nan,nan,1.0
9759,9759,0.8978820634502153,0.9154715801926275,nan,0.8683505549177191,0.8939013995201872
9760,9760,0.8170587093853087,0.868555895017922,0.0,0.8151932675671024,0.6252019679925833
9761,9761,0.9612879451836507,0.8894395433316036,nan,0.8500048168010019,0.9002441017720854
9762,9762,0.800712752601952,0.6111555377848861,0.8346754560095884,nan,0.7488479154654755
9763,9763,1.0,nan,nan,nan,1.0
9764,9764,0.5822143698468787,0.7540786506512035,0.41781991334563084,0.0,0.4385282334609283
9765,9765,0.1613705119485941,0.7693901512535396,0.07865128785734503,0.0,0.2523529877648697
9766,9766,1.0,nan,nan,nan,1.0
9767,9767,0.8668355590292283,0.9313065113174344,nan,0.8487398086445032,0.8822939596637219
9768,9768,0.9681310164229141,0.8861151059615228,nan,0.7296531245782156,0.8612997489875509
9769,9769,0.9133500915636339,0.9381170382165606,nan,0.8993407110901813,0.916935946956792
9770,9770,1.0,nan,nan,nan,1.0
9771,9771,1.0,0.9738922829009102,nan,0.4968716618342744,0.8235879815783949
9772,9772,0.8887419239965406,0.9188373296532689,nan,0.8165076746521303,0.8746956427673133
9773,9773,0.9715906268112942,0.7896024464831805,nan,0.6579991185544293,0.8063973972829679
9774,9774,0.9522036065473956,0.8919024435054198,nan,0.838845634129078,0.8943172280606312
9775,9775,0.5782531923598699,0.6053705483363278,0.5186591458108954,0.024705132291998725,0.4317470046997729
9776,9776,0.9275457542216307,0.8522903690402709,nan,0.7990568107041017,0.8596309779886678
9777,9777,1.0,nan,nan,nan,1.0
9778,9778,0.9906111673514758,0.8394913986537024,nan,0.7820880418283016,0.8707302026111599
9779,9779,0.8611007620660457,0.9153421395408305,nan,0.8266778523489933,0.8677069179852898
9780,9780,0.8752498750624688,0.8963179803390323,nan,0.8704670583716265,0.8806783045910426
9781,9781,1.0,nan,nan,nan,1.0
9782,9782,0.9745210934136892,0.8918528157304996,nan,0.7806691449814126,0.8823476847085338
9783,9783,0.9510211882918305,0.902620137739987,nan,0.8207698476343224,0.8914703912220466
9784,9784,0.8456670067593419,0.9154412210408913,nan,0.8116750871421298,0.8575944383141211
9785,9785,1.0,nan,nan,nan,1.0
9786,9786,0.9997978210449219,nan,0.0,nan,0.49989891052246094
9787,9787,0.9603504030117284,0.8605088767078458,nan,0.8787650602409639,0.899874779986846
9788,9788,0.8445122465148425,0.915688253296248,nan,0.9113354479066778,0.8905119825725895
9789,9789,0.7428860724136727,nan,0.6714504543358962,nan,0.7071682633747844
9790,9790,1.0,nan,nan,nan,1.0
9791,9791,0.06800168727660236,0.5519149555846804,0.38645779808444547,0.0,0.25159361023643206
9792,9792,0.9217647719339358,0.6043251736685412,nan,0.7328931232902557,0.7529943562975775
9793,9793,0.9450198171642534,0.845359041298399,nan,0.7358791617912988,0.8420860067513171
9794,9794,0.7875752704939664,0.7937049939919951,0.5650328466510506,0.6589580793003406,0.7013177976093382
9795,9795,0.19243576050763334,0.8305529924925554,0.0,0.8252583237657865,0.4620617691914938
9796,9796,0.852058524612169,0.9512601763005267,nan,0.8675756300914063,0.8902981103347006
9797,9797,0.7916723302070591,0.9093587466363182,nan,0.813072670209975,0.8380345823511175
9798,9798,0.8148994445800781,nan,0.0,nan,0.40744972229003906
9799,9799,1.0,nan,nan,nan,1.0
9800,9800,0.2110521601322952,0.5160313640245322,0.9057958550176207,0.0,0.40821984479361206
9801,9801,0.8209450278936684,0.9177770245938103,nan,0.6804042639948739,0.8063754388274509
9802,9802,0.8854448117878061,0.8966946201755677,nan,0.8507542759334245,0.8776312359655994
9803,9803,0.7481862905870778,0.5034962717481358,0.0,0.6575719562338839,0.4773136296422744
9804,9804,1.0,nan,nan,nan,1.0
9805,9805,1.0,nan,nan,nan,1.0
9806,9806,0.7843894118390297,0.6959201643674787,0.6442568691662435,0.0,0.5311416113431879
9807,9807,0.9542359353264463,0.7580707025506617,nan,0.7450183870691867,0.8191083416487649
9808,9808,0.6553908612844337,0.4813639770172371,0.2955298149643275,0.0,0.3580711633164996
9809,9809,0.4685311304621074,0.6971437362186554,0.4068578209353283,0.0,0.39313317190402275
9810,9810,0.043029332434254886,0.0,0.8941525998528835,0.0,0.2342954830717846
9811,9811,0.8265589258402025,0.9174688960198165,0.0,0.7823552748024047,0.631595774165606
9812,9812,0.9126117425649407,0.8669593288450002,nan,0.6876695545637526,0.8224135419912312
9813,9813,1.0,nan,nan,nan,1.0
9814,9814,0.8190129077567626,0.15516158639679242,0.5326191668914493,nan,0.5022645536816681
9815,9815,1.0,nan,nan,nan,1.0
9816,9816,0.9313058021017145,0.8984773306627822,nan,0.7324582725652244,0.8540804684432404
9817,9817,0.9780557749054487,0.8299578350729245,nan,0.6994794499261907,0.8358310199681881
9818,9818,0.7505831087026356,0.7112005016747985,nan,0.0,0.48726120345914464
9819,9819,0.5616327785678594,0.7253930516143876,0.8530563324011187,0.0,0.5350205406458415
9820,9820,0.9797174814182551,0.878382084095064,nan,0.7455691685500179,0.8678895780211123
9821,9821,0.9983863830566406,nan,nan,0.0,0.4991931915283203
9822,9822,0.9273679946913485,0.9415179398505527,nan,0.9233794110071263,0.930755115183009
9823,9823,0.6201540907423261,0.7461320205645553,0.08945624634574158,0.7933525841239908,0.5622737354441534
9824,9824,0.9404490558826134,0.6378662659654395,0.0,0.8062151128884446,0.5961326086841244
9825,9825,1.0,nan,nan,nan,1.0
9826,9826,0.9974051025328955,0.0,nan,0.7008130081300813,0.5660727035543256
9827,9827,0.7173624827511567,0.8042583053147846,nan,0.732833414649668,0.7514847342385366
9828,9828,0.7789076816775318,0.8775220077642298,nan,0.710305963821368,0.7889118844210432
9829,9829,1.0,0.9786629426952244,nan,0.7080810885865038,0.8955813437605761
9830,9830,0.9710731506347656,0.0,nan,0.0,0.32369105021158856
9831,9831,0.928420591456736,0.9288669572939372,nan,0.8810141744859253,0.9127672410788662
9832,9832,0.898330814135307,0.8821724655656374,nan,0.7994215407216968,0.8599749401408805
9833,9833,0.9872236290511353,0.8964310954063605,nan,0.8841245533435427,0.922593092600346
9834,9834,0.8924548400988191,0.9141489070799806,0.0,0.7280366118988671,0.6336600897694167
9835,9835,0.9995990866812777,0.6974063400576369,nan,nan,0.8485027133694574
9836,9836,0.4673098004823504,0.655524481362441,0.29607528115675924,0.5909251988036345,0.5024586904512963
9837,9837,0.9270204007677891,0.8587823825090513,nan,0.8042826157183073,0.8633617996650492
9838,9838,0.8518048754018748,0.7049336733757775,0.3997495477946292,0.6872521614769551,0.6609350645123091
9839,9839,1.0,nan,nan,nan,1.0
9840,9840,0.9814658617689791,0.8700229221495882,nan,0.8992305783072723,0.9169064540752799
9841,9841,0.8721522250507524,0.7280261212059095,0.0,0.6417812373635261,0.560489895905047
9842,9842,1.0,0.98166649662133,0.0,0.46814715118887396,0.612453411952551
9843,9843,0.8959623260236436,0.8721739899660057,nan,0.8456398011743329,0.8712587057213274
9844,9844,1.0,nan,nan,nan,1.0
9845,9845,1.0,nan,nan,nan,1.0
9846,9846,0.6760550201179003,0.6023716916800816,0.7307221607355695,0.2963446475195822,0.5763733800132834
9847,9847,0.8199884393063583,0.8956051614228391,nan,0.8113371413301266,0.842310247353108
9848,9848,0.9916830799532221,0.38687150837988826,nan,0.5167986888828189,0.6317844257386431
9849,9849,0.6577413376761948,0.7115605437641219,0.7132087078363692,0.5438934802571166,0.6566010173834507
9850,9850,0.6994024362215583,0.5495911369031917,0.30209509471835405,0.4555989851196599,0.5016719132406909
9851,9851,0.9724434203918689,0.8132590793293442,nan,0.768371467025572,0.851357988915595
9852,9852,1.0,nan,nan,nan,1.0
9853,9853,0.6664948158331901,0.6925605951523878,0.41493298791932115,0.7484564710052879,0.6306112174775467
9854,9854,0.9813267698805845,0.33657664813343924,0.0,0.0,0.3294758545035059
9855,9855,0.6463308429206582,nan,0.9340349317352165,nan,0.7901828873279373
9856,9856,0.2992690850027071,0.6379001118308611,0.7159002678675415,0.43961780058391575,0.5231718163212564
9857,9857,0.8979762476968678,0.001352569882777277,0.6735842674913026,nan,0.5243043616903159
9858,9858,0.9588331505170253,0.42870570542344205,0.0,0.22059574468085105,0.4020336501553296
9859,9859,1.0,nan,nan,nan,1.0
9860,9860,1.0,nan,nan,nan,1.0
9861,9861,0.7694107700901281,0.8381242666938734,0.4375641917635755,0.6829825715225255,0.6820204500175255
9862,9862,0.997910487744207,0.6057761732851985,nan,nan,0.8018433305147028
9863,9863,1.0,nan,nan,nan,1.0
9864,9864,0.8211030578281021,nan,0.9450590393213344,nan,0.8830810485747183
9865,9865,0.9931346308558698,0.6465021966880703,nan,0.6638280616382806,0.7678216297274069
9866,9866,0.5583702765463373,0.5626758715770954,0.24526499234790916,0.31839777410294773,0.42117722864357243
9867,9867,0.9944484759083682,0.8616879174256223,nan,0.7476662777129521,0.8679342236823141
9868,9868,0.9798045172368247,0.878984845718459,nan,0.7648986434994666,0.8745626688182502
9869,9869,1.0,nan,nan,nan,1.0
9870,9870,1.0,nan,nan,nan,1.0
9871,9871,0.6248559217438314,0.0,0.8169151504592179,nan,0.48059035740101647
9872,9872,0.9817782063645131,0.42602679228617696,nan,0.0,0.46926833288356334
9873,9873,0.9980042443325902,0.6765983860955928,nan,nan,0.8373013152140915
9874,9874,0.8318854650446678,0.3732817269516988,0.5958744823192099,0.35468277945619336,0.5389311134429425
9875,9875,0.9724761967407213,0.8316094331816302,nan,0.6470241602828521,0.8170365967350678
9876,9876,1.0,nan,nan,nan,1.0
9877,9877,0.8280424227240734,0.8991478267636873,nan,0.7546343619636986,0.8272748704838198
9878,9878,0.9650209147043796,nan,0.7943692088382038,nan,0.8796950617712918
9879,9879,0.8296362367175987,0.5880252561916499,0.46097206523494266,0.4764389012908862,0.5887681148587693
9880,9880,0.8957675467692716,0.8911657655004103,nan,0.8496774743542383,0.8788702622079735
9881,9881,0.6148550810644005,0.6961662521852608,0.0,0.6734298495896298,0.4961127957098228
9882,9882,1.0,nan,nan,nan,1.0
9883,9883,0.9594836995608654,0.7286497780099243,nan,0.5668777585876031,0.7516704120527976
9884,9884,0.9372406002904631,0.9217203322334736,nan,0.7000132913916087,0.8529914079718485
9885,9885,0.9584727359503639,0.8406714578522689,nan,0.8194667795175624,0.872870324440065
9886,9886,0.7820778293466619,0.8455950321158541,nan,0.7952400187082784,0.8076376267235981
9887,9887,1.0,nan,nan,nan,1.0
9888,9888,0.514911454582387,0.14200281075262386,0.7605212822043388,nan,0.4724785158464499
9889,9889,0.8865649859195461,0.1966531267482305,0.3767899723295462,nan,0.4866693616657743
9890,9890,1.0,nan,nan,nan,1.0
9891,9891,0.8261980497470929,0.9400007391022019,nan,0.5969389329465856,0.7877125739319601
9892,9892,0.9054952944737342,0.8885656128891292,0.0,0.7750958539444146,0.6422891903268195
9893,9893,0.985505119805836,0.7469154081531931,nan,0.5472338204592901,0.7598847828061065
9894,9894,0.5295712677785737,0.7822564681913203,0.0,0.48740701381509033,0.4498086874462461
9895,9895,0.48299803140154607,0.7503119185728357,0.6517399436567681,0.0,0.4712624734077875
9896,9896,1.0,nan,nan,nan,1.0
9897,9897,0.9840456946503723,0.839451114922813,nan,0.7593815670969679,0.8609594588900511
9898,9898,0.9102367215927171,0.1788077885087184,0.45064908559023803,0.4200165602713748,0.4899275389907621
9899,9899,0.9361449432853619,0.910075984589041,0.0,0.8407309555261999,0.6717379708501507
9900,9900,0.4568063753591802,0.0,0.18403143112581574,nan,0.2136126021616653
9901,9901,1.0,nan,nan,nan,1.0
9902,9902,0.5955055018856228,0.0,0.7840280086842568,nan,0.4598445035232932
9903,9903,0.15549136463147653,0.32833070036861506,0.3849436733438425,nan,0.28958857944797806
9904,9904,0.8379518759265595,0.8403648802736602,0.535691532491602,0.4656723931785287,0.6699201704675877
9905,9905,0.9997062683105469,0.0,nan,nan,0.49985313415527344
9906,9906,0.9795330988167573,0.9748864360444801,nan,0.7185776156826988,0.890999050181312
9907,9907,1.0,0.46151418997591304,0.0,0.4922185454387816,0.4884331838536736
9908,9908,0.9933647573495998,0.6213592233009708,nan,0.5471491228070176,0.720624367819196
9909,9909,0.9632433905696375,0.8279842225451526,nan,0.8952816790279312,0.8955030973809072
9910,9910,0.7089581823898511,0.7592236565046233,nan,0.7626145605658378,0.743598799820104
9911,9911,1.0,nan,nan,nan,1.0
9912,9912,0.9060981523449484,0.8248967518696283,0.4879866627439443,0.6321765329464933,0.7127895249762536
9913,9913,0.26162880204095096,0.36147136315964495,0.015719914087309432,0.04516917270494877,0.17099731299821352
9914,9914,0.8941541558332634,0.8890306356577764,nan,0.6875889046941679,0.8235912320617359
9915,9915,1.0,nan,nan,nan,1.0
9916,9916,0.9141178774231447,0.874171330176496,nan,0.8697007481296758,0.8859966519097721
9917,9917,0.5559999377519103,0.3449889887338106,0.2814058290178759,0.5193402423003941,0.42543374945099777
9918,9918,0.740301429414559,0.899957965531736,nan,0.7981173288953609,0.8127922412805519
9919,9919,0.9923218128388853,0.5004240882103478,nan,0.6709834075273169,0.7212431028588501
9920,9920,1.0,nan,nan,nan,1.0
9921,9921,0.7618837076774941,0.9331692618145129,0.0,0.337998475996952,0.5082628613722397
9922,9922,0.9372854245468365,0.6241724186505142,nan,0.11255191117891347,0.5580032514587547
9923,9923,0.8928909032380038,0.8000934010726972,0.0,0.5131556515315111,0.5515349889605531
9924,9924,0.8378611956562583,0.7287750824120866,0.6576930983572857,0.0,0.5560823441064076
9925,9925,0.24067470425086318,0.5694419517146199,0.0,0.5172584988219455,0.33184378869685716
9926,9926,0.8290430060353107,nan,0.1743371447114742,nan,0.5016900753733924
9927,9927,0.7977773445116007,0.5222420977088443,0.5431861488928313,0.20070551027855493,0.5159777753479579
9928,9928,1.0,nan,nan,nan,1.0
9929,9929,0.810380829273143,0.7286286817590905,0.0,0.6497602971451606,0.5471924520443485
9930,9930,0.9558563232421875,0.0,0.0,nan,0.3186187744140625
9931,9931,0.6051419347218394,0.5469074565986429,0.0,0.6805209138064231,0.4581425762817264
9932,9932,0.9009490342321668,0.8492592415016541,nan,0.7260347129506008,0.8254143295614739
9933,9933,0.31939520333680915,0.3169442981301027,0.35536983612408174,0.42613675647023574,0.35446152351530735
9934,9934,0.6716670320378316,0.33820173436786855,0.7577411870882934,0.0,0.44190248837349844
9935,9935,1.0,0.9604279898198173,nan,0.5661133116738618,0.8421804338312264
9936,9936,0.8236127130590798,0.39968297101449274,0.7596278806438745,0.7207773703907749,0.6759252337770555
9937,9937,0.8267430233615126,0.8281693673357877,nan,0.842586225137537,0.8324995386116124
9938,9938,1.0,nan,nan,nan,1.0
9939,9939,0.9598245052950212,0.8393165802419891,nan,0.7736293658689847,0.857590150468665
9940,9940,1.0,nan,nan,nan,1.0
9941,9941,0.9720241243410165,0.8150792517492503,nan,0.6890118464921614,0.8253717408608093
9942,9942,1.0,0.4357882474760549,0.7687900392164134,0.6063982971264008,0.7027441459547172
9943,9943,0.8539077867869309,0.2416009675685361,0.24958783320675026,0.0,0.33627414689055435
9944,9944,0.9413140393188628,0.8529672463278744,nan,0.8586369289107255,0.8843060715191542
9945,9945,1.0,nan,nan,nan,1.0
9946,9946,0.9859436045524036,0.0,0.020402755696873345,0.6506711409395973,0.4142543752972186
9947,9947,0.03429588740468699,0.0,0.6668570833059931,nan,0.23371765690356006
9948,9948,0.8897535359775693,0.766829309211906,0.0,0.7758290674382372,0.6081029781569282
9949,9949,0.5697063215530115,0.7650286432525198,0.0,0.07896409652736903,0.3534247653332251
9950,9950,1.0,nan,nan,nan,1.0
9951,9951,0.8973938625951493,0.41118275770691637,0.45883254007330815,0.0,0.44185229009384347
9952,9952,0.8656091617205137,0.7033503065889872,nan,0.43486354666964516,0.6679410049930486
9953,9953,0.5389388768228359,0.8084642467785462,0.28137566303140304,0.6717679546364805,0.5751366853173164
9954,9954,0.8412161316641723,0.5858919144206725,0.16937214549056293,0.8060992382564537,0.6006448574579654
9955,9955,1.0,nan,nan,nan,1.0
9956,9956,0.6372857608966854,0.5936357772522038,0.7181430430382187,0.0171663294709092,0.49155772766450434
9957,9957,0.9996736292428199,0.5998048313017869,0.4428404368479819,0.23961661341853036,0.5704838777027798
9958,9958,0.893442871802345,0.2151494213162895,0.7632587035934264,nan,0.6239503322373536
9959,9959,0.7470731707317073,0.9626640291752141,nan,0.6220911328905198,0.7772761109324803
9960,9960,1.0,nan,nan,nan,1.0
9961,9961,0.02155342265255573,0.7705158395165949,0.5502487562189055,0.0,0.335579504597014
9962,9962,0.8867838927549594,0.21330418488444722,0.16831639121827524,0.7138554525431542,0.495564980350209
9963,9963,0.742476945478078,0.7504884351169093,0.6871822488924791,0.0,0.5450369073718666
9964,9964,0.9978086790297577,0.8260575296108291,nan,0.8628072957969866,0.8955578348125245
9965,9965,1.0,nan,nan,nan,1.0
9966,9966,0.6197387660572516,0.8023593482063611,0.0,0.5004869558009905,0.4806462675161508
9967,9967,0.933252410316758,nan,0.7626836660736641,nan,0.847968038195211
9968,9968,0.45820311158429783,0.6198166164584259,0.6465816163889847,0.8682442488412637,0.648211398318243
9969,9969,0.7002156265854896,0.8476544784580499,0.3863649230072464,0.0,0.48355875701269646
9970,9970,1.0,nan,nan,nan,1.0
9971,9971,0.9980449657869013,0.38616292424062415,0.8910199334215698,0.0,0.5688069558622738
9972,9972,0.9502271048662801,0.5269174041297935,0.5737980950466186,nan,0.6836475346808975
9973,9973,0.9179687665453867,0.4161931818181818,0.46083541759192165,nan,0.5983324553184967
9974,9974,0.918841766888831,0.9007005909564938,nan,0.7122428853198084,0.8439284143883777
9975,9975,1.0,nan,nan,nan,1.0
9976,9976,0.9243438800951878,0.86524083023635,nan,0.7380825011887779,0.8425557371734386
9977,9977,0.8392716942458331,0.8602192638997651,0.7589752028893874,0.0,0.6146165402587465
9978,9978,0.6238572240934342,0.7451107973727825,0.6727288761057144,0.48732981761586003,0.6322566787969479
9979,9979,0.9730888490626612,0.7884543483137666,nan,0.4569438995684582,0.7394956989816287
9980,9980,1.0,nan,nan,nan,1.0
9981,9981,0.8790743512063365,0.7428665477036087,0.0,0.8228619570867765,0.6112007139991804
9982,9982,0.5201822916666666,0.8546074861398156,0.0,0.3993541010571079,0.4435359697158975
9983,9983,0.9824544712159773,0.6667155855591429,nan,0.6047238190452386,0.7512979586067864
9984,9984,0.6547352964108428,0.57414068745004,0.5226824279068083,0.47273915585979154,0.5560743919068707
9985,9985,1.0,nan,nan,nan,1.0
9986,9986,0.7060709931621817,0.7773967243897351,0.6222049062852213,0.4503835179901434,0.6390140354568203
9987,9987,0.0676801378792231,0.9098986098045364,0.828034635907595,nan,0.6018711278637848
9988,9988,0.9785814080149027,0.6559168443496801,0.005146476642913698,0.7537341069003827,0.5983447089769698
9989,9989,0.9443868162794054,0.848293534370706,nan,0.633379756841194,0.8086867024971017
9990,9990,1.0,nan,nan,nan,1.0
9991,9991,0.6791085252206499,0.8098614136608443,0.0,0.36869053457577244,0.4644151183643167
9992,9992,0.8391260405115175,0.7898121061001708,0.0,0.6654319158393837,0.573592515612768
9993,9993,0.972205679602542,0.6170420518161698,nan,0.5732609768130241,0.7208362360772452
9994,9994,0.7528650667496638,0.8754536837968421,0.7992797573919637,0.6635430784123911,0.7727853965877152
9995,9995,0.9790565216232306,0.8854204786650077,nan,0.8768120920645827,0.9137630307842737
9996,9996,0.16001462752063525,0.8975065315536899,0.33544190130305507,0.5442500394854606,0.48430327496571024
9997,9997,0.9476517012305002,0.8493955771690656,nan,0.6869803520832366,0.8280092101609341
9998,9998,1.0,nan,nan,nan,1.0
9999,9999,0.7676323316808031,0.510814699212368,0.3097908876886858,0.7408028185876276,0.5822601842923711
